網站名稱,直接,引薦,自然搜尋,付費搜尋,社群,郵件,多媒體廣告
facebook.com,82.97%,2.08%,11.80%,0.07%,1.81%,1.21%,0.06%
instagram.com,72.92%,3.57%,16.93%,0.02%,6.13%,0.40%,0.04%
twitter.com,82.45%,3.17%,10.44%,0.00%,3.34%,0.56%,0.03%
whatsapp.com,82.95%,2.84%,10.43%,0.01%,2.28%,1.46%,0.03%
tiktok.com,64.63%,2.15%,24.28%,0.21%,8.06%,0.40%,0.27%
reddit.com,48.49%,0.67%,49.29%,0.00%,1.02%,0.52%,0.01%
linkedin.com,73.89%,2.20%,20.59%,0.12%,0.83%,2.34%,0.03%
vk.com,77.36%,2.48%,13.36%,0.01%,3.99%,2.65%,0.15%
discord.com,81.98%,6.94%,5.18%,0.00%,5.15%,0.72%,0.03%
pinterest.com,68.12%,0.88%,26.54%,0.03%,2.47%,1.91%,0.04%
